Detroit, MI, United States
Warren, MI, United States
Sterling Heights, MI, United States
Ann Arbor, MI, United States
Dearborn, MI, United States
Livonia, MI, United States
Troy, MI, United States
Westland, MI, United States
Farmington Hills, MI, United States
Rochester Hills, MI, United States
Southfield, MI, United States
Novi, MI, United States
St. Clair Shores, MI, United States
Taylor, MI, United States
Madison Heights, MI, United States
Waterford, MI, United States
Royal Oak, MI, United States
Redford, MI, United States
Shelby Township, MI, United States
Auburn Hills, MI, United States
Wyandotte, MI, United States
Roseville, MI, United States
Eastpointe, MI, United States
Birmingham, MI, United States
Canton, MI, United States
Plymouth, MI, United States
Allen Park, MI, United States
Lincoln Park, MI, United States
Garden City, MI, United States
Inkster, MI, United States
Flat Rock, MI, United States
Woodhaven, MI, United States
Romulus, MI, United States
Wayne, MI, United States
Ypsilanti, MI, United States
Belleville, MI, United States
Saline, MI, United States
Milan, MI, United States
Dexter, MI, United States
Chelsea, MI, United States
Howell, MI, United States
Brighton, MI, United States
Fenton, MI, United States
Hartland, MI, United States
South Lyon, MI, United States
Northville, MI, United States
Wixom, MI, United States
Commerce Township, MI, United States
Walled Lake, MI, United States
Milford, MI, United States
Bloomfield Hills, MI, United States
Clawson, MI, United States
Ferndale, MI, United States
Berkley, MI, United States
Huntington Woods, MI, United States
Keego Harbor, MI, United States
Orchard Lake, MI, United States
Sylvan Lake, MI, United States
Franklin, MI, United States
Bingham Farms, MI, United States
Lathrup Village, MI, United States
Beverly Hills, MI, United States
Oak Park, MI, United States
Southgate, MI, United States
Trenton, MI, United States
Riverview, MI, United States
Grosse Ile, MI, United States
Grosse Pointe, MI, United States
Harper Woods, MI, United States
Hamtramck, MI, United States
Highland Park, MI, United States
Melvindale, MI, United States
Ecorse, MI, United States
River Rouge, MI, United States
Clinton Township, MI, United States
Mount Clemens, MI, United States
New Baltimore, MI, United States
New Haven, MI, United States
Richmond, MI, United States
Romeo, MI, United States
Washington, MI, United States
Utica, MI, United States
Fraser, MI, United States
Harrison Township, MI, United States
Marine City, MI, United States
Algonac, MI, United States
St. Clair, MI, United States
East China, MI, United States
China Township, MI, United States
Lenox Township, MI, United States
Armada, MI, United States
Macomb Township, MI, United States
Chesterfield Township, MI, United States
Flint, MI, United States
Grand Blanc, MI, United States
Flushing, MI, United States
Swartz Creek, MI, United States
Clio, MI, United States
Davidson, MI, United States
Metamora, MI, United States
Lapeer, MI, United States
North Branch, MI, United States
Capac, MI, United States
Imlay City, MI, United States
Almont, MI, United States
Port Huron, MI, United States
Fort Gratiot, MI, United States
Marysville, MI, United States
Kimball, MI, United States
Yale, MI, United States
Memphis, MI, United States
Emmett, MI, United States
Goodells, MI, United States
Saginaw, MI, United States
Bay City, MI, United States
Essexville, MI, United States
Midland, MI, United States
Auburn, MI, United States
Freeland, MI, United States
Linwood, MI, United States
Sanford, MI, United States
Kawkawlin, MI, United States
Frankenmuth, MI, United States
Bridgeport, MI, United States
Birch Run, MI, United States
Reese, MI, United States
Vassar, MI, United States
Caro, MI, United States
Cass City, MI, United States
Sebewaing, MI, United States
Pigeon, MI, United States
Elkton, MI, United States
Bad Axe, MI, United States
Harbor Beach, MI, United States
Port Austin, MI, United States
Caseville, MI, United States
Unionville, MI, United States
Kingston, MI, United States
Marlette, MI, United States
Sandusky, MI, United States
Peck, MI, United States
Croswell, MI, United States
Newark, MI, United States
Deckerville, MI, United States
Monroe, MI, United States
Carleton, MI, United States
Newport, MI, United States
South Rockwood, MI, United States
St. Charles, MI, United States
St. Louis, MI, United States
Alma, MI, United States
Ithaca, MI, United States
St. Johns, MI, United States
Owosso, MI, United States
Corunna, MI, United States
Perry, MI, United States
Morrice, MI, United States
Williamston, MI, United States
Webberville, MI, United States
Stockbridge, MI, United States
Pinckney, MI, United States
Whitmore Lake, MI, United States
Grand Ledge, MI, United States
Potterville, MI, United States
Eaton Rapids, MI, United States
Charlotte, MI, United States
Vermontville, MI, United States
Maple Rapids, MI, United States
Battle Creek, MI, United States
Marshall, MI, United States
Albion, MI, United States
Springfield, MI, United States
Athens, MI, United States
Union City, MI, United States
Bronson, MI, United States
Sturgis, MI, United States
Three Rivers, MI, United States
Portage, MI, United States
Kalamazoo, MI, United States
Parchment, MI, United States
Oshtemo, MI, United States
Comstock, MI, United States
Plainwell, MI, United States
Otsego, MI, United States
Allegan, MI, United States
Wayland, MI, United States
Dorr, MI, United States
Scotts, MI, United States
Galesburg, MI, United States
Richland, MI, United States